Date,META,MSFT,NVDA,TSLA
2025-02-14,734.3543090820312,405.43914794921875,138.81204223632812,355.8399963378906
2025-02-18,714.1181030273438,406.64031982421875,139.3618927001953,354.1099853515625
2025-02-19,701.5578002929688,411.73272705078125,139.19192504882812,360.55999755859375
2025-02-20,692.6558837890625,413.91107177734375,140.07168579101562,354.3999938964844
2025-02-21,681.4013671875,406.03326416015625,134.3932342529297,337.79998779296875
2025-02-24,666.02978515625,401.8457336425781,130.244384765625,330.5299987792969
2025-02-25,655.4331665039062,395.7782287597656,126.59537506103516,302.79998779296875
2025-02-26,671.5823364257812,397.5985107421875,131.24411010742188,290.79998779296875
2025-02-27,656.1707763671875,390.4369201660156,120.11714935302734,281.95001220703125
2025-02-28,666.099609375,394.87310791015625,124.8858413696289,292.9800109863281
2025-03-03,652.9909057617188,386.4184265136719,114.02880859375,284.6499938964844
2025-03-04,637.9882202148438,386.53778076171875,115.95828247070312,272.0400085449219
2025-03-05,654.4063720703125,398.8816223144531,117.26792907714844,279.1000061035156
2025-03-06,625.9561767578125,394.773681640625,110.53976440429688,263.45001220703125
2025-03-07,623.6932373046875,391.2127380371094,112.65918731689453,262.6700134277344
2025-03-10,596.1102294921875,378.13287353515625,106.95074462890625,222.14999389648438
2025-03-11,603.8060302734375,378.42132568359375,108.73026275634766,230.5800018310547
2025-03-12,617.6124267578125,381.2262878417969,115.71900177001953,248.08999633789062
2025-03-13,588.7833862304688,376.750244140625,115.55902862548828,240.67999267578125
2025-03-14,606.2288818359375,386.4880676269531,121.64791870117188,249.97999572753906
2025-03-17,603.5350341796875,386.6273193359375,119.50830841064453,238.00999450683594
2025-03-18,581.0458984375,381.47491455078125,115.40904998779297,225.30999755859375
2025-03-19,582.7420654296875,385.7520446777344,117.49866485595703,235.86000061035156
2025-03-20,584.6776123046875,384.7772216796875,118.50848388671875,236.25999450683594
2025-03-21,594.9044799804688,389.1736755371094,117.67863464355469,248.7100067138672
2025-03-24,617.4534912109375,390.98394775390625,121.38796997070312,278.3900146484375
2025-03-25,624.896728515625,393.0528869628906,120.66809844970703,288.1400146484375
2025-03-26,609.6012573242188,387.89056396484375,113.7393569946289,272.05999755859375
2025-03-27,601.2203369140625,388.4972839355469,111.40977478027344,273.1300048828125
2025-03-28,575.4385986328125,376.78009033203125,109.65009307861328,263.54998779296875
2025-03-31,575.0594482421875,373.3883056640625,108.3603286743164,259.1600036621094
2025-04-01,584.6776123046875,380.15203857421875,110.13001251220703,268.4599914550781
2025-04-02,582.6123046875,380.1023254394531,110.39995574951172,282.760009765625
2025-04-03,530.4203491210938,371.12042236328125,101.78153228759766,267.2799987792969
2025-04-04,503.591064453125,357.9212341308594,94.29288482666016,239.42999267578125
2025-04-07,515.0850219726562,355.9517822265625,97.62227630615234,233.2899932861328
2025-04-08,509.29815673828125,352.66937255859375,96.28252410888672,221.86000061035156
2025-04-09,584.4481811523438,388.4077453613281,114.30924987792969,272.20001220703125
2025-04-10,545.0572509765625,379.3165283203125,107.55047607421875,252.39999389648438
2025-04-11,542.3433837890625,386.3786926269531,110.90986633300781,252.30999755859375
2025-04-14,530.2807006835938,385.7420654296875,110.68990325927734,252.35000610351562
2025-04-15,520.3432006835938,383.6731872558594,112.17963409423828,254.11000061035156
2025-04-16,501.176513671875,369.6284484863281,104.47103881835938,241.5500030517578
2025-04-17,500.348388671875,365.8188781738281,101.4715805053711,241.3699951171875
2025-04-21,483.56634521484375,357.2050476074219,96.89241790771484,227.5
2025-04-22,499.151123046875,364.864013671875,98.87205505371094,237.97000122070312
2025-04-23,519.0960693359375,372.39361572265625,102.69136047363281,250.74000549316406
2025-04-24,531.947021484375,385.2347717285156,106.41067504882812,259.510009765625
2025-04-25,546.0350952148438,389.7605285644531,110.98986053466797,284.95001220703125
2025-04-28,548.49951171875,389.0741882324219,108.71026611328125,285.8800048828125
2025-04-29,553.1889038085938,391.9388732910156,109.00021362304688,292.0299987792969
2025-04-30,547.7611694335938,393.15234375,108.90023040771484,282.1600036621094
2025-05-01,570.9188232421875,423.1316223144531,111.5897445678711,280.5199890136719
2025-05-02,595.6728515625,432.9589538574219,114.4792251586914,287.2099914550781
2025-05-05,597.917724609375,433.8442077636719,113.79934692382812,280.260009765625
2025-05-06,585.9846801757812,430.99945068359375,113.51940155029297,275.3500061035156
2025-05-07,595.4632568359375,431.03924560546875,117.03875732421875,276.2200012207031
2025-05-08,596.6605834960938,435.83355712890625,117.34870910644531,284.82000732421875
2025-05-09,591.1530151367188,436.39056396484375,116.62882995605469,298.260009765625
2025-05-12,637.9871215820312,446.8643798828125,122.9776840209961,318.3800048828125
2025-05-13,654.5496826171875,446.74505615234375,129.9064178466797,334.07000732421875
2025-05-14,657.8721313476562,450.5247802734375,135.3154296875,347.67999267578125
2025-05-15,642.4270629882812,451.54119873046875,134.80552673339844,342.82000732421875
2025-05-16,638.89501953125,452.6772155761719,135.37542724609375,349.9800109863281
2025-05-19,638.9848022460938,457.26104736328125,135.54539489746094,342.0899963378906
2025-05-20,635.662353515625,456.56353759765625,134.35562133789062,343.82000732421875
2025-05-21,634.06591796875,450.983154296875,131.7760772705078,334.6199951171875
2025-05-22,635.1336059570312,453.26513671875,132.80589294433594,341.0400085449219
2025-05-23,625.64501953125,448.6015625,131.26617431640625,339.3399963378906
2025-05-27,640.8705444335938,459.0746765136719,135.47540283203125,362.8900146484375
2025-05-28,642.1277465820312,455.7563781738281,134.78553771972656,356.8999938964844
2025-05-29,643.5944213867188,457.0717468261719,139.1647491455078,358.42999267578125
2025-05-30,646.0288696289062,458.7458190917969,135.10548400878906,346.4599914550781
2025-06-02,669.3861083984375,460.3502197265625,137.35507202148438,342.69000244140625
2025-06-03,665.34521484375,461.3467102050781,141.19436645507812,344.2699890136719
2025-06-04,686.3976440429688,462.2435302734375,141.8942413330078,332.04998779296875
2025-06-05,683.0750732421875,466.0401611328125,139.964599609375,284.70001220703125
2025-06-06,696.1355590820312,468.730712890625,141.69427490234375,295.1400146484375
2025-06-09,692.4937744140625,471.0924072265625,142.6041259765625,308.5799865722656
2025-06-10,700.8150024414062,469.2688293457031,143.9338836669922,326.0899963378906
2025-06-11,692.5736083984375,470.9628601074219,142.81399536132812,326.42999267578125
2025-06-12,691.79541015625,477.1909484863281,144.98374938964844,319.1099853515625
2025-06-13,681.3291015625,473.2946472167969,141.95408630371094,325.30999755859375
2025-06-16,701.0746459960938,477.46002197265625,144.6737823486328,329.1300048828125
2025-06-17,696.19189453125,476.3638610839844,144.1038360595703,316.3500061035156
2025-06-18,694.7340698242188,478.5561218261719,145.46368408203125,322.04998779296875
2025-06-20,681.3341064453125,475.7261047363281,143.83387756347656,322.1600036621094
2025-06-23,697.4900512695312,484.2959289550781,144.15383911132812,348.67999267578125
2025-06-24,711.1396484375,488.3915100097656,147.88340759277344,340.4700012207031
2025-06-25,707.6248779296875,490.5439453125,154.29270935058594,327.54998779296875
2025-06-26,725.009033203125,495.705810546875,155.00262451171875,325.7799987792969
2025-06-27,732.5377197265625,494.20111083984375,157.73231506347656,323.6300048828125
2025-06-30,736.9910888671875,495.66595458984375,157.97230529785156,317.6600036621094
2025-07-01,718.149169921875,490.3247375488281,153.2828369140625,300.7099914550781
2025-07-02,712.5076293945312,489.36810302734375,157.2323760986328,315.6499938964844
2025-07-03,717.9395141601562,497.0909423828125,159.3221435546875,315.3500061035156
2025-07-07,717.2804565429688,495.974853515625,158.22227478027344,293.94000244140625
2025-07-08,719.5970458984375,494.8786926269531,159.98207092285156,297.80999755859375
2025-07-09,731.6890258789062,501.74456787109375,162.86175537109375,295.8800048828125
2025-07-10,726.1572265625,499.7216796875,164.0816192626953,309.8699951171875
2025-07-11,716.4417114257812,501.55523681640625,164.90151977539062,313.510009765625
2025-07-14,719.8466796875,501.2562561035156,164.05162048339844,316.8999938964844
2025-07-15,709.3323364257812,504.04644775390625,170.6808624267578,310.7799987792969
2025-07-16,701.8634643554688,503.8471374511719,171.35079956054688,321.6700134277344
2025-07-17,700.3656616210938,509.9058532714844,172.98062133789062,319.4100036621094
2025-07-18,703.2314453125,508.2616271972656,172.39068603515625,329.6499938964844
2025-07-21,711.9085083007812,508.2715759277344,171.36080932617188,328.489990234375
2025-07-22,703.7606811523438,503.4983825683594,167.01129150390625,332.1099853515625
2025-07-23,712.5176391601562,504.0962829589844,170.7608642578125,332.55999755859375
2025-07-24,713.7357177734375,509.0887145996094,173.7205352783203,305.29998779296875
2025-07-25,711.6189575195312,511.9088439941406,173.48056030273438,316.05999755859375
2025-07-28,716.5615844726562,510.7030334472656,176.73019409179688,325.5899963378906
2025-07-29,698.9578247070312,510.7727966308594,175.49032592773438,321.20001220703125
2025-07-30,694.1749877929688,511.4404296875,179.2499237060547,319.0400085449219
2025-07-31,772.2884521484375,531.62939453125,177.85006713867188,308.2699890136719
2025-08-01,748.8933715820312,522.2723388671875,173.70053100585938,302.6300048828125
2025-08-04,775.2140502929688,533.7619018554688,179.97982788085938,309.260009765625
2025-08-05,762.3233642578125,525.8995361328125,178.24002075195312,308.7200012207031
2025-08-06,770.8406372070312,523.0994262695312,179.39988708496094,319.9100036621094
2025-08-07,760.6957397460938,519.0138549804688,180.749755859375,322.2699890136719
2025-08-08,768.1546630859375,520.2095947265625,182.6795196533203,329.6499938964844
2025-08-11,764.7296752929688,519.9405517578125,182.0395965576172,339.0299987792969
2025-08-12,788.8237915039062,527.3843383789062,183.1394805908203,340.8399963378906
2025-08-13,778.9186401367188,518.7547607421875,181.5696563720703,339.3800048828125
2025-08-14,780.9655151367188,520.6480102539062,181.99960327148438,335.5799865722656
2025-08-15,784.0609130859375,518.3461303710938,180.42977905273438,330.55999755859375
2025-08-18,766.2274780273438,515.286865234375,181.98959350585938,335.1600036621094
2025-08-19,750.3611450195312,507.98260498046875,175.6203155517578,329.30999755859375
2025-08-20,746.6067504882812,503.9468078613281,175.38034057617188,323.8999938964844
2025-08-21,737.9995727539062,503.2980041503906,174.96038818359375,320.1099853515625
2025-08-22,753.6661987304688,506.2824401855469,177.97006225585938,340.010009765625
2025-08-25,752.1784057617188,503.3179931640625,179.78985595703125,346.6000061035156
2025-08-26,752.9772338867188,501.1021423339844,181.7496337890625,351.6700134277344
2025-08-27,746.2672729492188,505.7933349609375,181.57965087890625,349.6000061035156
2025-08-28,749.99169921875,508.68792724609375,180.14981079101562,345.9800109863281
2025-08-29,737.6001586914062,505.7434387207031,174.1604766845703,333.8699951171875
2025-09-02,734.0155029296875,504.1763610839844,170.7608642578125,329.3599853515625
2025-09-03,735.95263671875,504.40594482421875,170.60089111328125,334.0899963378906
2025-09-04,747.535400390625,507.02105712890625,171.64077758789062,338.5299987792969
2025-09-05,751.3297729492188,494.0752868652344,167.0012969970703,350.8399963378906
2025-09-08,751.179931640625,497.2693176269531,168.2911376953125,346.3999938964844
2025-09-09,764.5599975585938,497.4789123535156,170.74085998535156,346.9700012207031
2025-09-10,750.8604125976562,499.43524169921875,177.3101348876953,347.7900085449219
2025-09-11,749.7820434570312,500.0740661621094,177.16014099121094,368.80999755859375
2025-09-12,754.465087890625,508.94744873046875,177.8101043701172,395.94000244140625
2025-09-15,763.5614624023438,514.397216796875,177.74009704589844,410.0400085449219
2025-09-16,777.8401489257812,508.08905029296875,174.87026977539062,421.6199951171875
2025-09-17,774.5650634765625,509.06719970703125,170.280517578125,425.8599853515625
2025-09-18,779.0883178710938,507.5001525878906,176.23019409179688,416.8500061035156
2025-09-19,777.2210693359375,516.96240234375,176.66015625,426.07000732421875
2025-09-22,764.5364379882812,513.4889526367188,183.5997772216797,434.2099914550781
2025-09-23,754.784423828125,508.2787170410156,178.42005920410156,425.8500061035156
2025-09-24,760.0401000976562,509.19696044921875,176.96014404296875,442.7900085449219
2025-09-25,748.2996826171875,506.0827941894531,177.68011474609375,423.3900146484375
2025-09-26,743.1439208984375,510.5045166015625,178.18008422851562,440.3999938964844
2025-09-29,742.794189453125,513.6386108398438,181.8398895263672,443.2099914550781
2025-09-30,733.7815551757812,516.982421875,186.56961059570312,444.7200012207031
2025-10-01,716.7554321289062,518.7391357421875,187.22958374023438,459.4599914550781
2025-10-02,726.45751953125,514.7765502929688,188.87948608398438,436.0
2025-10-03,709.98095703125,516.3834838867188,187.6095428466797,429.8299865722656
2025-10-06,715.0767822265625,527.5825805664062,185.5296630859375,453.25
2025-10-07,712.4989013671875,523.0010986328125,185.02969360351562,433.0899963378906
2025-10-08,717.2550659179688,523.8695068359375,189.09947204589844,438.69000244140625
2025-10-09,732.9122314453125,521.4241333007812,192.5592803955078,435.5400085449219
2025-10-10,704.7252197265625,510.0054626464844,183.14981079101562,413.489990234375
2025-10-13,715.1167602539062,513.0896606445312,188.3095245361328,435.8999938964844
2025-10-14,708.072509765625,512.610595703125,180.0199737548828,429.239990234375
2025-10-15,716.9652709960938,512.4708251953125,179.8199920654297,435.1499938964844
2025-10-16,711.48974609375,510.65423583984375,181.7998809814453,428.75
2025-10-17,716.3357543945312,512.62060546875,183.20980834960938,439.30999755859375
2025-10-20,731.5733032226562,515.8245239257812,182.6298370361328,447.42999267578125
2025-10-21,732.6724853515625,516.6929321289062,181.14991760253906,442.6000061035156
2025-10-22,732.8123168945312,519.5675659179688,180.26995849609375,438.9700012207031
2025-10-23,733.40185546875,519.5875244140625,182.1498565673828,448.9800109863281
2025-10-24,737.75830078125,522.6318359375,186.24961853027344,433.7200012207031
2025-10-27,750.2081298828125,530.527099609375,191.47933959960938,452.4200134277344
2025-10-28,750.82763671875,541.057373046875,201.01881408691406,460.54998779296875
2025-10-29,751.0574340820312,540.538330078125,207.02847290039062,461.510009765625
2025-10-30,665.9268798828125,524.77783203125,202.8787078857422,440.1000061035156
2025-10-31,647.8216552734375,516.8426513671875,202.47872924804688,456.55999755859375
2025-11-03,637.1903686523438,516.0641479492188,206.8684844970703,468.3699951171875
2025-11-04,626.8087768554688,513.3692016601562,198.67893981933594,444.260009765625
2025-11-05,635.4317626953125,506.2125549316406,195.1991424560547,462.07000732421875
2025-11-06,618.4356079101562,496.1713562011719,188.0695343017578,445.9100036621094
2025-11-07,621.203369140625,495.8918762207031,188.1395263671875,429.5199890136719
2025-11-10,631.2451782226562,505.0547180175781,199.03892517089844,445.2300109863281
2025-11-11,626.5690307617188,507.7297058105469,193.1492462158203,439.6199951171875
2025-11-12,608.5137329101562,510.1851501464844,193.78921508789062,430.6000061035156
2025-11-13,609.3930053710938,502.34979248046875,186.84959411621094,401.989990234375
2025-11-14,608.96337890625,509.2268981933594,190.15940856933594,404.3500061035156
2025-11-17,601.5194091796875,506.54193115234375,186.58961486816406,408.9200134277344
2025-11-18,597.2029418945312,492.8675537109375,181.3498992919922,401.25
2025-11-19,589.8389282226562,486.2099914550781,186.50961303710938,403.989990234375
2025-11-20,588.669921875,478.42999267578125,180.62994384765625,395.2300109863281
2025-11-21,593.7657470703125,472.1199951171875,178.8700408935547,391.0899963378906
2025-11-24,612.5504150390625,474.0,182.5398406982422,417.7799987792969
2025-11-25,635.7014770507812,476.989990234375,177.8101043701172,419.3999938964844
2025-11-26,633.0936279296875,485.5,180.2499542236328,426.5799865722656
2025-11-28,647.4219970703125,492.010009765625,176.99014282226562,430.1700134277344
2025-12-01,640.3477172851562,486.739990234375,179.9099884033203,430.1400146484375
2025-12-02,646.5726318359375,490.0,181.4499053955078,429.239990234375
2025-12-03,639.0787353515625,477.7300109863281,179.5800018310547,446.739990234375
2025-12-04,660.990966796875,480.8399963378906,183.3800048828125,454.5299987792969
2025-12-05,672.8712158203125,483.1600036621094,182.41000366210938,455.0
2025-12-08,666.256591796875,491.0199890136719,185.5500030517578,439.5799865722656
2025-12-09,656.4246826171875,492.0199890136719,184.97000122070312,445.1700134277344
2025-12-10,649.6002197265625,478.55999755859375,183.77999877929688,451.45001220703125
2025-12-11,652.1781005859375,483.4700012207031,180.92999267578125,446.8900146484375
2025-12-12,643.7050170898438,478.5299987792969,175.02000427246094,458.9599914550781
2025-12-15,647.510009765625,474.82000732421875,176.2899932861328,475.30999755859375
2025-12-16,657.1500244140625,476.3900146484375,177.72000122070312,489.8800048828125
2025-12-17,649.5,476.1199951171875,170.94000244140625,467.260009765625
2025-12-18,664.4500122070312,483.9800109863281,174.13999938964844,483.3699951171875
2025-12-19,658.77001953125,485.9200134277344,180.99000549316406,481.20001220703125
2025-12-22,661.5,484.9200134277344,183.69000244140625,488.7300109863281
2025-12-23,664.9400024414062,486.8500061035156,189.2100067138672,485.55999755859375
2025-12-24,667.5499877929688,488.0199890136719,188.61000061035156,485.3999938964844
2025-12-26,663.2899780273438,487.7099914550781,190.52999877929688,475.19000244140625
2025-12-29,658.6900024414062,487.1000061035156,188.22000122070312,459.6400146484375
2025-12-30,665.9500122070312,487.4800109863281,187.5399932861328,454.42999267578125
2025-12-31,660.0900268554688,483.6199951171875,186.5,449.7200012207031
2026-01-02,650.4099731445312,472.94000244140625,188.85000610351562,438.07000732421875
2026-01-05,658.7899780273438,472.8500061035156,188.1199951171875,451.6700134277344
2026-01-06,660.6199951171875,478.510009765625,187.24000549316406,432.9599914550781
2026-01-07,648.6900024414062,483.4700012207031,189.11000061035156,431.4100036621094
2026-01-08,646.0599975585938,478.1099853515625,185.0399932861328,435.79998779296875
2026-01-09,653.0599975585938,479.2799987792969,184.86000061035156,445.010009765625
2026-01-12,641.969970703125,477.17999267578125,184.94000244140625,448.9599914550781
2026-01-13,631.0900268554688,470.6700134277344,185.80999755859375,447.20001220703125
2026-01-14,615.52001953125,459.3800048828125,183.13999938964844,439.20001220703125
2026-01-15,620.7999877929688,456.6600036621094,187.0500030517578,438.57000732421875
2026-01-16,620.25,459.8599853515625,186.22999572753906,437.5
2026-01-20,604.1199951171875,454.5199890136719,178.07000732421875,419.25
2026-01-21,612.9600219726562,444.1099853515625,183.32000732421875,431.44000244140625
2026-01-22,647.6300048828125,451.1400146484375,184.83999633789062,449.3599853515625
2026-01-23,658.760009765625,465.95001220703125,187.6699981689453,449.05999755859375
2026-01-26,672.3599853515625,470.2799987792969,186.47000122070312,435.20001220703125
2026-01-27,672.969970703125,480.5799865722656,188.52000427246094,430.8999938964844
2026-01-28,668.72998046875,481.6300048828125,191.52000427246094,431.4599914550781
2026-01-29,738.3099975585938,433.5,192.50999450683594,416.55999755859375
2026-01-30,716.5,430.2900085449219,191.1300048828125,430.4100036621094
2026-02-02,706.4099731445312,423.3699951171875,185.61000061035156,421.80999755859375
2026-02-03,691.7000122070312,411.2099914550781,180.33999633789062,421.9599914550781
2026-02-04,668.989990234375,414.19000244140625,174.19000244140625,406.010009765625
2026-02-05,670.2100219726562,393.6700134277344,171.8800048828125,397.2099914550781
2026-02-06,661.4600219726562,401.1400146484375,185.41000366210938,411.1099853515625
2026-02-09,677.219970703125,413.6000061035156,190.0399932861328,417.32000732421875
2026-02-10,670.719970703125,413.2699890136719,188.5399932861328,425.2099914550781
2026-02-11,668.6900024414062,404.3699951171875,190.0500030517578,428.2699890136719
2026-02-12,649.8099975585938,401.8399963378906,186.94000244140625,417.07000732421875
2026-02-13,639.77001953125,401.32000732421875,182.80999755859375,417.44000244140625
